Localidade_id,year,week,casos,Rt,pop,tempmed,umidmed,datahora,station,t_mean,precip_sum,municipio_id,pop_density,casos_lag1,casos_lag2,casos_lag3,casos_lag4,casos_roll4
0,2018.0,1.0,0.017602767602767605,0.8058433990415825,1.0,0.6242892317177747,0.6999129517080338,2018-01-01,SIMULADA,0.4290957226772918,0.15798787010681642,0,0.0,0.012311762311762313,0.007393840727174061,0.007224257224257225,0.007393840727174061,0.011316155988857938
0,2018.0,2.0,0.02231718898385565,0.7509693397298445,1.0,0.7209111975712236,0.6400331688413015,2018-01-08,SIMULADA,0.4403995101672673,0.5693378425961664,0,0.0,0.017602767602767605,0.012311762311762313,0.007393840727174061,0.007224257224257225,0.015393637296584077
0,2018.0,3.0,0.017331433998100665,0.45517811570647665,1.0,0.7869332999459101,0.5312070136205496,2018-01-15,SIMULADA,0.3107838363370101,0.3698841828459367,0,0.0,0.02231718898385565,0.017602767602767605,0.012311762311762313,0.007393840727174061,0.01807836094414309
0,2018.0,4.0,0.01702618369285036,0.39899465452088617,1.0,0.5992069088487034,0.7459388219824103,2018-01-22,SIMULADA,0.044337341589193224,0.26740147584781104,0,0.0,0.017331433998100665,0.02231718898385565,0.017602767602767605,0.012311762311762313,0.019352001172848556
0,2018.0,5.0,0.014482431149097818,0.3568250290045088,1.0,0.5669443783309064,0.6522288822956792,2018-01-29,SIMULADA,0.5743567208687521,0.36022258976324883,0,0.0,0.01702618369285036,0.017331433998100665,0.02231718898385565,0.017602767602767605,0.018509016273273716
0,2018.0,7.0,0.013838013838013839,0.4071651396916277,1.0,0.6389305904077677,0.7312190313684463,2018-02-12,SIMULADA,0.7866631828532931,0.11734717491091343,0,0.0,0.014482431149097818,0.01702618369285036,0.017331433998100665,0.02231718898385565,0.016218296437472513
0,2018.0,8.0,0.012176095509428844,0.3846502579183743,1.0,0.7093302546657433,0.6665947602369091,2018-02-19,SIMULADA,0.5396038564073442,0.45777730195474275,0,0.0,0.013838013838013839,0.014482431149097818,0.01702618369285036,0.017331433998100665,0.01482553877730538
0,2018.0,10.0,0.008818342151675486,0.3337133670516724,1.0,0.7007138740454385,0.759618241448023,2018-03-05,SIMULADA,0.6687687814123406,0.2586705465527999,0,0.0,0.012176095509428844,0.013838013838013839,0.014482431149097818,0.01702618369285036,0.012608121976249815
0,2018.0,11.0,0.007733007733007733,0.3366160244339543,1.0,0.6573006925354569,0.8316060375036263,2018-03-12,SIMULADA,0.5458475736790638,0.3589658368678147,0,0.0,0.008818342151675486,0.012176095509428844,0.013838013838013839,0.014482431149097818,0.010784708986952059
0,2018.0,12.0,0.007258173924840593,0.3643063255645233,1.0,0.6416587104601018,0.7931903632166031,2018-03-19,SIMULADA,0.6747103895531239,0.6053400574864282,0,0.0,0.007733007733007733,0.008818342151675486,0.012176095509428844,0.013838013838013839,0.009007110394370327
0,2018.0,13.0,0.008682675349342016,0.47034307181688484,1.0,0.5853680655086569,0.8068697326678049,2018-03-26,SIMULADA,0.6802502287030727,0.2555040704416044,0,0.0,0.007258173924840593,0.007733007733007733,0.008818342151675486,0.012176095509428844,0.00806333382202023
0,2018.0,14.0,0.0074277574277574285,0.4238023862910725,1.0,0.5528577311428994,0.7639378501667284,2018-04-02,SIMULADA,0.7868633340398388,0.21159157141060836,0,0.0,0.008682675349342016,0.007258173924840593,0.007733007733007733,0.008818342151675486,0.007687655768948833
0,2018.0,15.0,0.005257088590421923,0.3194687883242345,1.0,0.40321012622043206,0.699045673282984,2018-04-09,SIMULADA,0.8475852228495471,0.27218415508175353,0,0.0,0.0074277574277574285,0.008682675349342016,0.007258173924840593,0.007733007733007733,0.007018765576894882
0,2018.0,16.0,0.005087505087505087,0.33815726820554215,1.0,0.6048649031489387,0.6107928521622128,2018-04-16,SIMULADA,0.8810279658275595,0.13504110610842301,0,0.0,0.005257088590421923,0.0074277574277574285,0.008682675349342016,0.007258173924840593,0.0064323412989297744
0,2018.0,17.0,0.006647673314339981,0.48179452407230805,1.0,0.6964631985357544,0.4468267795791965,2018-04-23,SIMULADA,0.9011728268268144,0.12627668971975903,0,0.0,0.005087505087505087,0.005257088590421923,0.0074277574277574285,0.008682675349342016,0.005882568538337487
0,2018.0,18.0,0.005392755392755393,0.4258000897606251,1.0,0.5697707106331064,0.5162279590296965,2018-04-30,SIMULADA,0.5608860893947596,0.1464236694025563,0,0.0,0.006647673314339981,0.005087505087505087,0.005257088590421923,0.0074277574277574285,0.005332795777745199
0,2018.0,19.0,0.005223171889838557,0.4064238157797767,1.0,0.5595865801751839,0.5693261274716883,2018-05-07,SIMULADA,0.4912708126410894,0.03872880074599147,0,0.0,0.005392755392755393,0.006647673314339981,0.005087505087505087,0.005257088590421923,0.0053236328984019934
0,2018.0,20.0,0.002577669244335911,0.2529751719639704,1.0,0.19387532960950227,0.6813454240308201,2018-05-14,SIMULADA,0.28466135339844323,0.2120851391814679,0,0.0,0.005223171889838557,0.005392755392755393,0.006647673314339981,0.005087505087505087,0.004645579827004838
0,2018.0,21.0,0.002849002849002849,0.3131432899961033,1.0,0.3055244809180122,0.6398881342012332,2018-05-21,SIMULADA,0.24183050111586524,0.052963993467175716,0,0.0,0.002577669244335911,0.005223171889838557,0.005392755392755393,0.006647673314339981,0.003619337340565899
0,2018.0,22.0,0.0028150861484194816,0.3822569633989357,1.0,0.28262565881049695,0.8488799103498859,2018-05-28,SIMULADA,0.47270257004984306,0.3258481778613794,0,0.0,0.002849002849002849,0.002577669244335911,0.005223171889838557,0.005392755392755393,0.0029229585104823337
0,2018.0,23.0,0.0031881698548365217,0.4700304541825848,1.0,0.38179423796319345,0.836362157690894,2018-06-04,SIMULADA,0.9595964216133499,0.26096086175813443,0,0.0,0.0028150861484194816,0.002849002849002849,0.002577669244335911,0.005223171889838557,0.0023731857498900453
0,2018.0,24.0,0.001763668430335097,0.32655537643637966,1.0,0.2968285419832877,0.7750628337267229,2018-06-11,SIMULADA,0.20748669688752508,0.44110158388587944,0,0.0,0.0031881698548365217,0.0028150861484194816,0.002849002849002849,0.002577669244335911,0.0021532766456531303
0,2018.0,25.0,0.0032899199565866234,0.5043521546742382,1.0,0.44359568938161675,0.4609455398999147,2018-06-18,SIMULADA,0.6040918913011804,0.20306075030373805,0,0.0,0.001763668430335097,0.0031881698548365217,0.0028150861484194816,0.002849002849002849,0.002272394077114793
0,2018.0,27.0,0.0015940849274182606,0.3360666929387867,1.0,0.13894031800296158,0.6195367068873601,2018-07-02,SIMULADA,1.0,0.12162576621097884,0,0.0,0.0032899199565866234,0.001763668430335097,0.0031881698548365217,0.0028150861484194816,0.0019425304207594195
0,2018.0,28.0,0.0018654185320851986,0.39918630272278316,1.0,0.5240758431202953,0.16559507402373796,2018-07-09,SIMULADA,0.8408697655169584,0.20511791512960365,0,0.0,0.0015940849274182606,0.0032899199565866234,0.001763668430335097,0.0031881698548365217,0.0015851781263744322
0,2018.0,29.0,0.0014584181250847919,0.3876718150313302,1.0,0.46269267379379675,0.4840555869425751,2018-07-16,SIMULADA,0.042496130618878025,0.20142488239564837,0,0.0,0.0018654185320851986,0.0015940849274182606,0.0032899199565866234,0.001763668430335097,0.0015027122122855886
0,2018.0,30.0,0.001254917921584588,0.37947339550676146,1.0,0.3527213233397083,0.6178565014095938,2018-07-23,SIMULADA,0.7925150581859777,0.74877951392134,0,0.0,0.0014584181250847919,0.0018654185320851986,0.0015940849274182606,0.0032899199565866234,0.0009529394516933003
0,2018.0,32.0,0.0012888346221679556,0.43183170368225976,1.0,0.1437489730544882,0.8524512892258755,2018-08-06,SIMULADA,0.3883478863379337,0.18933603608824098,0,0.0,0.001254917921584588,0.0014584181250847919,0.0018654185320851986,0.0015940849274182606,0.0008704735376044571
0,2018.0,33.0,0.0013905847239180573,0.4568071783787219,1.0,0.41308142513941937,0.5355938274146019,2018-08-13,SIMULADA,0.9334416413974869,0.8181575506924915,0,0.0,0.0012888346221679556,0.001254917921584588,0.0014584181250847919,0.0018654185320851986,0.0007421932267995895
0,2018.0,34.0,0.0008818342151675485,0.3718991433023526,1.0,0.29039501391829337,0.6274433025500019,2018-08-20,SIMULADA,0.4029003665789277,0.603714957350803,0,0.0,0.0013905847239180573,0.0012888346221679556,0.001254917921584588,0.0014584181250847919,0.0005864242779651078
0,2018.0,35.0,0.0008140008140008139,0.37357308628714486,1.0,0.16544354498524616,0.7842516987974402,2018-08-27,SIMULADA,0.9005436521172818,0.30265347460198955,0,0.0,0.0008818342151675485,0.0013905847239180573,0.0012888346221679556,0.001254917921584588,0.00046730684650344526
0,2018.0,36.0,0.0016958350291683623,0.5639948244217744,1.0,0.28055615232043896,0.7926804127339029,2018-09-03,SIMULADA,0.3678829759286424,0.2163585083585716,0,0.0,0.0008140008140008139,0.0008818342151675485,0.0013905847239180573,0.0012888346221679556,0.0005772613986219032
0,2018.0,37.0,0.0028150861484194816,0.7349003785038749,1.0,0.41276963793278554,0.8227694060504951,2018-09-10,SIMULADA,0.7713584133237219,0.7442308963857943,0,0.0,0.0016958350291683623,0.0008140008140008139,0.0008818342151675485,0.0013905847239180573,0.0009621023310365049
0,2018.0,38.0,0.0025437525437525437,0.5583939202842685,1.0,0.492530732876303,0.7332981803489913,2018-09-17,SIMULADA,0.36222956960450214,0.4818896782062929,0,0.0,0.0028150861484194816,0.0016958350291683623,0.0008140008140008139,0.0008818342151675485,0.0014110834188535404
0,2018.0,40.0,0.0022385022385022386,0.41748946504167866,1.0,0.5934403039900024,0.771167286461294,2018-10-01,SIMULADA,0.7391666112760014,0.2875489050595056,0,0.0,0.0025437525437525437,0.0028150861484194816,0.0016958350291683623,0.0008140008140008139,0.0017959243512681426
0,2018.0,41.0,0.002849002849002849,0.5026165178084816,1.0,0.5449446182932612,0.773093223445962,2018-10-08,SIMULADA,0.8007624878942776,0.3916608386593153,0,0.0,0.0022385022385022386,0.0025437525437525437,0.0028150861484194816,0.0016958350291683623,0.002107462248937106
0,2018.0,42.0,0.001763668430335097,0.36966179132022703,1.0,0.3907798620719737,0.8629857383735207,2018-10-15,SIMULADA,0.8048521883825661,0.31727714785791195,0,0.0,0.002849002849002849,0.0022385022385022386,0.0025437525437525437,0.0028150861484194816,0.001823412989297757
0,2018.0,43.0,0.0021367521367521365,0.41599314571273865,1.0,0.40196424679779474,0.8171025734967525,2018-10-22,SIMULADA,0.18985474202139163,0.14425905309343076,0,0.0,0.001763668430335097,0.002849002849002849,0.0022385022385022386,0.0025437525437525437,0.0017134584371792994
0,2018.0,44.0,0.0027472527472527475,0.5129600397523949,1.0,0.3808387099265932,0.8539925939735467,2018-10-29,SIMULADA,0.5955226959744242,0.42328756268500173,0,0.0,0.0021367521367521365,0.001763668430335097,0.002849002849002849,0.0022385022385022386,0.0018509016273273713
0,2018.0,45.0,0.0028829195495862167,0.519089754888181,1.0,0.579766303100686,0.7730074630250181,2018-11-05,SIMULADA,0.38660853020314967,0.9041189906769359,0,0.0,0.0027472527472527475,0.0021367521367521365,0.001763668430335097,0.002849002849002849,0.0018600645066705764
0,2018.0,46.0,0.0033577533577533575,0.5280828074864068,1.0,0.4414109102132876,0.8626501416917125,2018-11-12,SIMULADA,0.32500394351299855,0.16232501002347866,0,0.0,0.0028829195495862167,0.0027472527472527475,0.0021367521367521365,0.001763668430335097,0.002290719835801202
0,2018.0,47.0,0.00505358838692172,0.6498963604581941,1.0,0.4961682772956474,0.7937477595107882,2018-11-19,SIMULADA,0.43378080229004823,0.12495997494412045,0,0.0,0.0033577533577533575,0.0028829195495862167,0.0027472527472527475,0.0021367521367521365,0.0030787274593168158
0,2018.0,48.0,0.005121421788088455,0.568333916586166,1.0,0.4771872137679839,0.7427265036907857,2018-11-26,SIMULADA,0.3577532235436942,0.019400676783122076,0,0.0,0.00505358838692172,0.0033577533577533575,0.0028829195495862167,0.0027472527472527475,0.0037201290133411524
0,2018.0,49.0,0.006172839506172839,0.5626731720319309,1.0,0.8320117863342548,0.12258099284209978,2018-12-03,SIMULADA,0.8156081929982935,0.5439117386931948,0,0.0,0.005121421788088455,0.00505358838692172,0.0033577533577533575,0.0028829195495862167,0.00460892830963202
0,2018.0,50.0,0.005087505087505087,0.4321287610430062,1.0,0.960945159257386,0.3309014720258623,2018-12-10,SIMULADA,0.37328117541659056,0.33459283742359336,0,0.0,0.006172839506172839,0.005121421788088455,0.00505358838692172,0.0033577533577533575,0.005076235156135464
0,2018.0,51.0,0.004884004884004884,0.4025162983494901,1.0,0.6073484243731045,0.7577084269652179,2018-12-17,SIMULADA,0.487232880497944,0.23337977791322642,0,0.0,0.005087505087505087,0.006172839506172839,0.005121421788088455,0.00505358838692172,0.0050304207594194395
0,2018.0,52.0,0.010446343779677113,0.7558700756875361,1.0,0.6903764878235278,0.7583980184862891,2018-12-24,SIMULADA,0.4974636364819982,0.2434247788284626,0,0.0,0.004884004884004884,0.005087505087505087,0.006172839506172839,0.005121421788088455,0.006468992816302595
0,2019.0,1.0,0.011362094695428029,0.7013452619937892,1.0,0.7327864171116992,0.7224583718020046,2018-12-31,SIMULADA,0.563835644791169,0.027235227499963852,0,0.0,0.010446343779677113,0.004884004884004884,0.005087505087505087,0.006172839506172839,0.00787091335581293
0,2019.0,2.0,0.012447429114095781,0.5853278005954916,1.0,0.8554887994146204,0.5096088628532922,2019-01-07,SIMULADA,0.7079043641128078,0.44105598570030013,0,0.0,0.011362094695428029,0.010446343779677113,0.004884004884004884,0.005087505087505087,0.009859258173288374
0,2019.0,3.0,0.013397096730430064,0.5241005954474506,1.0,0.840101724447396,0.5791580456562602,2019-01-14,SIMULADA,0.7716871417507294,0.2294964879793556,0,0.0,0.012447429114095781,0.011362094695428029,0.010446343779677113,0.004884004884004884,0.012159140888432781
0,2019.0,4.0,0.017467100800434135,0.6011268179946665,1.0,1.0,0.1641820312269604,2019-01-21,SIMULADA,0.49885938705419086,0.12091660972967475,0,0.0,0.013397096730430064,0.012447429114095781,0.011362094695428029,0.010446343779677113,0.014055856912476175
0,2019.0,5.0,0.01889160222493556,0.5728415416056385,1.0,0.5712143469794201,0.7842537743953981,2019-01-28,SIMULADA,0.7765774908413041,0.5826735173224327,0,0.0,0.017467100800434135,0.013397096730430064,0.012447429114095781,0.011362094695428029,0.016090016126667644
0,2019.0,6.0,0.02119793786460453,0.5533759306486641,1.0,0.6359841869004769,0.6974357273319476,2019-02-04,SIMULADA,0.5745290327400583,0.37205260350361974,0,0.0,0.01889160222493556,0.017467100800434135,0.013397096730430064,0.012447429114095781,0.018454038997214487
0,2019.0,7.0,0.0271333604666938,0.6142262647355924,1.0,0.6567362219282479,0.8400301251072917,2019-02-11,SIMULADA,0.5049084520573643,0.056614903678021716,0,0.0,0.02119793786460453,0.01889160222493556,0.017467100800434135,0.013397096730430064,0.022165005131212435
0,2019.0,8.0,0.029202279202279205,0.5736308084590342,1.0,0.6500705009824929,0.7677328648983814,2019-02-18,SIMULADA,0.5587524561502872,0.29985065606751427,0,0.0,0.0271333604666938,0.02119793786460453,0.01889160222493556,0.017467100800434135,0.025335361383961297
0,2019.0,10.0,0.04778863112196445,0.6682366097138296,1.0,0.6599645411374485,0.8669176997008785,2019-03-04,SIMULADA,0.550252968531894,0.016193957035796184,0,0.0,0.029202279202279205,0.0271333604666938,0.02119793786460453,0.01889160222493556,0.03314213458437179
0,2019.0,11.0,0.05318138651471985,0.6108563137155912,1.0,0.5820566408563853,0.8686455581926849,2019-03-11,SIMULADA,0.8288281026762201,0.011684349085726593,0,0.0,0.04778863112196445,0.029202279202279205,0.0271333604666938,0.02119793786460453,0.04178272980501393
0,2019.0,12.0,0.06081264414597748,0.5793877566330852,1.0,0.5294775618769824,0.7621478059027251,2019-03-18,SIMULADA,0.6766350526058484,0.10631079553799666,0,0.0,0.05318138651471985,0.04778863112196445,0.029202279202279205,0.0271333604666938,0.0508814689928163
0,2019.0,13.0,0.07366707366707366,0.6023093723066848,1.0,0.6177874619391513,0.6378584780504724,2019-03-25,SIMULADA,0.4207765024445116,0.6991416538969505,0,0.0,0.06081264414597748,0.05318138651471985,0.04778863112196445,0.029202279202279205,0.0628940038117578
0,2019.0,14.0,0.08899742233075567,0.6245719490544465,1.0,0.5410643656473134,0.9541604226803404,2019-04-01,SIMULADA,0.38171815803935716,0.009699544675367083,0,0.0,0.07366707366707366,0.06081264414597748,0.05318138651471985,0.04778863112196445,0.07402690221375165
0,2019.0,15.0,0.0995115995115995,0.5901021920744988,1.0,0.544778119315451,0.7363989522195746,2019-04-08,SIMULADA,0.5420002707133427,0.8119919420633059,0,0.0,0.08899742233075567,0.07366707366707366,0.06081264414597748,0.05318138651471985,0.08654339539656941
0,2019.0,16.0,0.128001628001628,0.6401555233013553,1.0,0.6441976803273078,0.7775154009993619,2019-04-15,SIMULADA,0.4389320690023686,0.5102379444064485,0,0.0,0.0995115995115995,0.08899742233075567,0.07366707366707366,0.06081264414597748,0.10469505937545813
0,2019.0,17.0,0.13054538054538056,0.5551810282931317,1.0,0.6371436478258711,0.6777964980518398,2019-04-22,SIMULADA,0.38661616719707936,0.25951969531401015,0,0.0,0.128001628001628,0.0995115995115995,0.08899742233075567,0.07366707366707366,0.1200612080340126
0,2019.0,18.0,0.13366571699905033,0.4947637428856762,1.0,0.5674435511612145,0.7742902540119276,2019-04-29,SIMULADA,0.3950870551235277,0.5503042813235027,0,0.0,0.13054538054538056,0.128001628001628,0.0995115995115995,0.08899742233075567,0.13212872012901333
0,2019.0,19.0,0.12176095509428843,0.4208479863655641,1.0,0.4801618772672417,0.8929433331213086,2019-05-06,SIMULADA,0.5297705270144841,0.32982664920347843,0,0.0,0.13366571699905033,0.13054538054538056,0.128001628001628,0.0995115995115995,0.1381395689781557
0,2019.0,20.0,0.11714828381495049,0.4040774889266545,1.0,0.3713272465025851,0.7761643975040178,2019-05-13,SIMULADA,0.11766802144369115,0.2875542135248794,0,0.0,0.12176095509428843,0.13366571699905033,0.13054538054538056,0.128001628001628,0.13520744758833017
0,2019.0,21.0,0.08923483923483923,0.3247950443661969,1.0,0.43480196133166815,0.7664098623269462,2019-05-20,SIMULADA,0.6560267159747022,0.28863091140977865,0,0.0,0.11714828381495049,0.12176095509428843,0.13366571699905033,0.13054538054538056,0.12404706054830668
0,2019.0,22.0,0.060100393433726765,0.24599090831662643,1.0,0.26705089212221234,0.8670632737820689,2019-05-27,SIMULADA,0.6934927527804793,0.27384341491979347,0,0.0,0.08923483923483923,0.11714828381495049,0.12176095509428843,0.13366571699905033,0.10417277525289546
0,2019.0,23.0,0.048127798127798126,0.2435135327160709,1.0,0.3804051229648614,0.6195185230773717,2019-06-03,SIMULADA,0.7295979310531893,0.43083972291241157,0,0.0,0.060100393433726765,0.08923483923483923,0.11714828381495049,0.12176095509428843,0.08428016419879782
0,2019.0,24.0,0.04046262379595713,0.2727016050558974,1.0,0.3980630354830691,0.6878325643350067,2019-06-10,SIMULADA,0.6933179166814982,0.6274352044911402,0,0.0,0.048127798127798126,0.060100393433726765,0.08923483923483923,0.11714828381495049,0.06356289400381175
0,2019.0,25.0,0.03683353683353683,0.32254333244926037,1.0,0.4553344975177612,0.5933160351356215,2019-06-17,SIMULADA,0.6789795072695495,0.1727333107878264,0,0.0,0.04046262379595713,0.048127798127798126,0.060100393433726765,0.08923483923483923,0.04940624541856033
0,2019.0,26.0,0.020451770451770452,0.22445723727034148,1.0,0.3778838617323127,0.5720890770192775,2019-06-24,SIMULADA,0.8336350572982192,0.3692801489217413,0,0.0,0.03683353683353683,0.04046262379595713,0.048127798127798126,0.060100393433726765,0.03869483946635391
0,2019.0,27.0,0.016313932980599646,0.22532842724292343,1.0,0.0,0.7916610476371702,2019-07-01,SIMULADA,0.7738222016968719,0.5303660782545173,0,0.0,0.020451770451770452,0.03683353683353683,0.04046262379595713,0.048127798127798126,0.030100058642427797
0,2019.0,28.0,0.013634513634513635,0.25882679244333806,1.0,0.17330514344367676,0.6881972551127997,2019-07-08,SIMULADA,0.5076229439051849,0.07512809429550747,0,0.0,0.016313932980599646,0.020451770451770452,0.03683353683353683,0.04046262379595713,0.022852221081952794
0,2019.0,29.0,0.013804097137430471,0.35131248215489047,1.0,0.38946159061513275,0.4818048492434439,2019-07-15,SIMULADA,0.8735283448803863,0.7701674820938481,0,0.0,0.013634513634513635,0.016313932980599646,0.020451770451770452,0.03683353683353683,0.01663062600791673
0,2019.0,30.0,0.011124677791344458,0.34489037421001606,1.0,0.2841813448095598,0.7253935495381194,2019-07-22,SIMULADA,0.6569064165450695,0.06848215034314488,0,0.0,0.013804097137430471,0.013634513634513635,0.016313932980599646,0.020451770451770452,0.014110834188535403
0,2019.0,31.0,0.012176095509428844,0.4122207281731418,1.0,0.28918811689935153,0.6778758209039035,2019-07-29,SIMULADA,0.6173992644272834,1.0,0,0.0,0.011124677791344458,0.013804097137430471,0.013634513634513635,0.016313932980599646,0.012992962908664418
0,2019.0,32.0,0.0072920906254239585,0.28660649233217433,1.0,0.27986632582661286,0.637177078175039,2019-08-05,SIMULADA,0.5810539687712655,0.3765923109491346,0,0.0,0.012176095509428844,0.011124677791344458,0.013804097137430471,0.013634513634513635,0.01127950447148512
0,2019.0,33.0,0.006681590014923348,0.29895489771304584,1.0,0.2467291490077368,0.7741809796740191,2019-08-12,SIMULADA,0.0,0.3446726710272971,0,0.0,0.0072920906254239585,0.012176095509428844,0.011124677791344458,0.013804097137430471,0.00935529980941211
0,2019.0,34.0,0.007461674128340796,0.3931750416036526,1.0,0.2906083728063197,0.688001988144191,2019-08-19,SIMULADA,0.2652274566126247,0.5929608492916196,0,0.0,0.006681590014923348,0.0072920906254239585,0.012176095509428844,0.011124677791344458,0.00836570884034599
0,2019.0,36.0,0.008954008954008955,0.5375132335139873,1.0,0.6503205645494691,0.35623232671655125,2019-09-02,SIMULADA,0.8278070736282626,0.25381539977212125,0,0.0,0.007461674128340796,0.006681590014923348,0.0072920906254239585,0.012176095509428844,0.007495235302741533
0,2019.0,37.0,0.008377425044091712,0.48803716813612547,1.0,0.5768108247058773,0.6090846529054514,2019-09-09,SIMULADA,0.39864022526296194,0.5622620579905986,0,0.0,0.008954008954008955,0.007461674128340796,0.006681590014923348,0.0072920906254239585,0.0077884474417240866
0,2019.0,38.0,0.00654592321258988,0.37300014518803176,1.0,0.22937817115214676,0.9296487111188649,2019-09-16,SIMULADA,0.44142603089263877,0.9944472144847808,0,0.0,0.008377425044091712,0.008954008954008955,0.007461674128340796,0.006681590014923348,0.007751795924351268
0,2019.0,39.0,0.007936507936507938,0.442750329100227,1.0,0.40421953640163044,0.6399976228866078,2019-09-23,SIMULADA,0.755872881677462,0.3801915371848125,0,0.0,0.00654592321258988,0.008377425044091712,0.008954008954008955,0.007461674128340796,0.007880076235156136
0,2019.0,40.0,0.008580925247591915,0.4938844064964804,1.0,0.4373696953512517,0.8861367257820896,2019-09-30,SIMULADA,0.33178368616237797,0.9903210069848919,0,0.0,0.007936507936507938,0.00654592321258988,0.008377425044091712,0.008954008954008955,0.007779284562380882
0,2019.0,41.0,0.007326007326007326,0.4225170750392648,1.0,0.6181626203096678,0.6488891522981071,2019-10-07,SIMULADA,0.3718911648405354,0.2510354681860658,0,0.0,0.008580925247591915,0.007936507936507938,0.00654592321258988,0.008377425044091712,0.007495235302741533
0,2019.0,42.0,0.00654592321258988,0.37809461228837965,1.0,0.3998590439496149,0.7892891071636758,2019-10-14,SIMULADA,0.4017701350593319,0.661062903441688,0,0.0,0.007326007326007326,0.008580925247591915,0.007936507936507938,0.00654592321258988,0.007495235302741533
0,2019.0,43.0,0.007800841134174468,0.4586589656698707,1.0,0.6821602305172697,0.5498386704869829,2019-10-21,SIMULADA,0.4403717040275472,0.8813362868442827,0,0.0,0.00654592321258988,0.007326007326007326,0.008580925247591915,0.007936507936507938,0.007458583785368714
0,2019.0,44.0,0.008207841541174874,0.49321146658888004,1.0,0.5831638041413477,0.8374511857139115,2019-10-28,SIMULADA,0.37307738785932787,0.5882640081177115,0,0.0,0.007800841134174468,0.00654592321258988,0.007326007326007326,0.008580925247591915,0.007357792112593461
0,2019.0,45.0,0.006071089404422738,0.372153023772444,1.0,0.4966648573009488,0.8867598731613153,2019-11-04,SIMULADA,0.7157373482609666,0.3728952885874018,0,0.0,0.008207841541174874,0.007800841134174468,0.00654592321258988,0.007326007326007326,0.007018765576894882
0,2019.0,46.0,0.007020757020757022,0.4224636334871562,1.0,0.4784993452711733,0.7684797229173177,2019-11-11,SIMULADA,0.4516522606990834,0.1770178583960985,0,0.0,0.006071089404422738,0.008207841541174874,0.007800841134174468,0.00654592321258988,0.00714704588769975
0,2019.0,47.0,0.00641025641025641,0.4149957348257546,1.0,0.3929139731183652,0.8326859236072424,2019-11-18,SIMULADA,0.8459637828315854,0.22467060233349742,0,0.0,0.007020757020757022,0.006071089404422738,0.008207841541174874,0.007800841134174468,0.006771367834628353
0,2019.0,48.0,0.007733007733007733,0.4976644144134205,1.0,0.5025631560629368,0.8331971030154106,2019-11-25,SIMULADA,0.26922376006704685,0.2274844626756874,0,0.0,0.00641025641025641,0.007020757020757022,0.006071089404422738,0.008207841541174874,0.006643087523823485
0,2019.0,49.0,0.009089675756342423,0.5540676699792192,1.0,0.5403264728594183,0.7529995168072263,2019-12-02,SIMULADA,0.5378709310555323,0.052442966448235234,0,0.0,0.007733007733007733,0.00641025641025641,0.007020757020757022,0.006071089404422738,0.007458583785368714
0,2019.0,50.0,0.008750508750508751,0.4923716707700306,1.0,0.6470019736169813,0.7673990401556225,2019-12-09,SIMULADA,0.8684788983765215,0.3887644571505293,0,0.0,0.009089675756342423,0.007733007733007733,0.00641025641025641,0.007020757020757022,0.007925890631872158
0,2019.0,51.0,0.005867589200922535,0.32922758643211225,1.0,0.6129339906276762,0.7476985825219971,2019-12-16,SIMULADA,0.23365096137617902,0.28829555406619517,0,0.0,0.008750508750508751,0.009089675756342423,0.007733007733007733,0.00641025641025641,0.007779284562380882
0,2019.0,52.0,0.00925925925925926,0.49838678003395376,1.0,0.6846904736077274,0.6817644221206329,2019-12-23,SIMULADA,0.7101457687253776,0.11661623755735001,0,0.0,0.005867589200922535,0.008750508750508751,0.009089675756342423,0.007733007733007733,0.008191614132825098
0,2020.0,1.0,0.018315018315018316,0.9110016782677348,1.0,0.8329235694517932,0.5912940454792082,2019-12-30,SIMULADA,0.2716473582767682,0.4038033330764686,0,0.0,0.00925925925925926,0.005867589200922535,0.008750508750508751,0.009089675756342423,0.010683917314176807
0,2020.0,2.0,0.01790801790801791,0.6882441383090317,1.0,0.7285006214272313,0.6869153500954117,2020-01-06,SIMULADA,0.4056464434816309,0.13765597497574725,0,0.0,0.018315018315018316,0.00925925925925926,0.005867589200922535,0.008750508750508751,0.013157894736842105
0,2020.0,3.0,0.018450685117351786,0.5274243422518797,1.0,0.5893868992493135,0.6739542232765019,2020-01-13,SIMULADA,0.6205420087937126,0.598537140611014,0,0.0,0.01790801790801791,0.018315018315018316,0.00925925925925926,0.005867589200922535,0.01655732297317109
0,2020.0,4.0,0.021062271062271064,0.5194709065690745,1.0,0.8402480930199748,0.3264327417754114,2020-01-20,SIMULADA,0.5569713768206956,0.16049020229570682,0,0.0,0.018450685117351786,0.01790801790801791,0.018315018315018316,0.00925925925925926,0.019746004984606363
0,2020.0,5.0,0.022283272283272284,0.5122527666263466,1.0,0.6579045596781289,0.8676475170963083,2020-01-27,SIMULADA,0.6810347448662954,0.1483893221647456,0,0.0,0.021062271062271064,0.018450685117351786,0.01790801790801791,0.018315018315018316,0.020818061867761327
0,2020.0,6.0,0.02876136209469543,0.598857251038933,1.0,0.5274210735291235,0.8871540402880713,2020-02-03,SIMULADA,0.8688685956040918,0.6731735234040702,0,0.0,0.022283272283272284,0.021062271062271064,0.018450685117351786,0.01790801790801791,0.023750183257586866
0,2020.0,7.0,0.027743861077194412,0.5165262373307997,1.0,0.699404380381578,0.8173606728524119,2020-02-10,SIMULADA,0.8106303430024262,0.1372828836172477,0,0.0,0.02876136209469543,0.022283272283272284,0.021062271062271064,0.018450685117351786,0.026260812197624984
0,2020.0,9.0,0.023368606701940037,0.3970920028755174,1.0,0.4609989558747706,0.8399540674816199,2020-02-24,SIMULADA,0.9902910319525029,0.3642411890623152,0,0.0,0.027743861077194412,0.02876136209469543,0.022283272283272284,0.021062271062271064,0.02688388799296291
0,2020.0,10.0,0.02777777777777778,0.49478514598458007,1.0,0.5324464725457566,0.8054092762116625,2020-03-02,SIMULADA,0.2601374177059059,0.3352427072763825,0,0.0,0.023368606701940037,0.027743861077194412,0.02876136209469543,0.022283272283272284,0.02836827444656209
0,2020.0,12.0,0.012922262922262923,0.2617457338328273,1.0,0.563804386226238,0.5065821194523779,2020-03-16,SIMULADA,0.13082057147265713,0.616593013958261,0,0.0,0.02777777777777778,0.023368606701940037,0.027743861077194412,0.02876136209469543,0.02408920979328544
0,2020.0,13.0,0.012922262922262923,0.3200384196657851,1.0,0.695125192799719,0.5517920368023168,2020-03-23,SIMULADA,0.6558236943282489,0.3154216558023576,0,0.0,0.012922262922262923,0.02777777777777778,0.023368606701940037,0.027743861077194412,0.02008503152030494
0,2020.0,14.0,0.012888346221679555,0.39725459581902606,1.0,0.5081621635943488,0.5757499138099911,2020-03-30,SIMULADA,0.2618780315661904,0.1256514659126616,0,0.0,0.012922262922262923,0.012922262922262923,0.02777777777777778,0.023368606701940037,0.017253701803254657
0,2020.0,15.0,0.016008682675349342,0.5249814763901754,1.0,0.49090014304381235,0.5743639466705655,2020-04-06,SIMULADA,0.6313606810726742,0.25777834755945916,0,0.0,0.012888346221679555,0.012922262922262923,0.012922262922262923,0.02777777777777778,0.014074182671162587
0,2020.0,16.0,0.018552435219101885,0.576077513639511,1.0,0.5067788554436775,0.5879893005604626,2020-04-13,SIMULADA,0.5283227281526848,0.5025627301049069,0,0.0,0.016008682675349342,0.012888346221679555,0.012922262922262923,0.012922262922262923,0.015595220642134583
0,2020.0,17.0,0.016212182878849547,0.4567331280695243,1.0,0.6078395126310058,0.4124205425109351,2020-04-20,SIMULADA,0.6099779315039453,0.06639884917705322,0,0.0,0.018552435219101885,0.016008682675349342,0.012888346221679555,0.012922262922262923,0.01648401993842545
0,2020.0,18.0,0.012549179215845883,0.3409062027945828,1.0,0.38919687038459483,0.47832949803199587,2020-04-27,SIMULADA,0.7120691906326369,0.49750004955442695,0,0.0,0.016212182878849547,0.018552435219101885,0.016008682675349342,0.012888346221679555,0.016392391144993405
0,2020.0,19.0,0.012413512413512413,0.35844365490790714,1.0,0.43855666002798654,0.432926532209718,2020-05-04,SIMULADA,0.6408720052592767,0.5827815169455668,0,0.0,0.012549179215845883,0.016212182878849547,0.018552435219101885,0.016008682675349342,0.015421125934613691
0,2020.0,20.0,0.008309591642924977,0.2873883232635799,1.0,0.5034976534078451,0.49487611493504025,2020-05-11,SIMULADA,0.1439996336549796,0.13073061599016927,0,0.0,0.012413512413512413,0.012549179215845883,0.016212182878849547,0.018552435219101885,0.01265393637296584
0,2020.0,21.0,0.006478089811423145,0.27220315556699015,1.0,0.24459117573243339,0.3364486665417379,2020-05-18,SIMULADA,0.7608002995616068,0.4182980215450629,0,0.0,0.008309591642924977,0.012413512413512413,0.012549179215845883,0.016212182878849547,0.01002419000146606
0,2020.0,22.0,0.007088590421923755,0.35879535415950475,1.0,0.4523606892906419,0.5709831691333493,2020-05-25,SIMULADA,0.5915294057685707,0.5706679301521793,0,0.0,0.006478089811423145,0.008309591642924977,0.012413512413512413,0.012549179215845883,0.008548966427210087
0,2020.0,23.0,0.0067494234160900834,0.40840684157779233,1.0,0.6778916393070357,0.4036717184970442,2020-06-01,SIMULADA,0.36900212610177463,0.13719404994333567,0,0.0,0.007088590421923755,0.006478089811423145,0.008309591642924977,0.012413512413512413,0.007018765576894882
0,2020.0,24.0,0.005392755392755393,0.36366102433907455,1.0,0.48644797442163845,0.4872749894179347,2020-06-08,SIMULADA,0.7408300933267846,0.04398021633966835,0,0.0,0.0067494234160900834,0.007088590421923755,0.006478089811423145,0.008309591642924977,0.00623075795337927
0,2020.0,25.0,0.004646587979921313,0.3430731407878194,1.0,0.5126412687873939,0.33231562585699925,2020-06-15,SIMULADA,0.3660334511661216,0.1795079488181579,0,0.0,0.005392755392755393,0.0067494234160900834,0.007088590421923755,0.006478089811423145,0.005735962468846209
0,2020.0,26.0,0.00505358838692172,0.40698173499256635,1.0,0.2751098423754139,0.5790244893229692,2020-06-22,SIMULADA,0.3640446514172928,0.6735417629737673,0,0.0,0.004646587979921313,0.005392755392755393,0.0067494234160900834,0.007088590421923755,0.0051861897082539216
0,2020.0,27.0,0.004070004070004071,0.3765208005023771,1.0,0.49886784026149067,0.38337250979822457,2020-06-29,SIMULADA,0.16415101864040205,0.5415528759519357,0,0.0,0.00505358838692172,0.004646587979921313,0.005392755392755393,0.0067494234160900834,0.004462322240140742
0,2020.0,28.0,0.003391670058336725,0.3492963896723208,1.0,0.42641877291009644,0.5930102041718552,2020-07-06,SIMULADA,0.8584220401558773,0.3413644636960692,0,0.0,0.004070004070004071,0.00505358838692172,0.004646587979921313,0.005392755392755393,0.0039217123588916585
0,2020.0,30.0,0.0028829195495862167,0.38280051385089414,1.0,0.3785939176628764,0.6336134050904354,2020-07-20,SIMULADA,0.6750886594308503,0.3430841715615611,0,0.0,0.003391670058336725,0.004070004070004071,0.00505358838692172,0.004646587979921313,0.0034452426330450077
0,2020.0,32.0,0.0026794193460860124,0.44763350127778717,1.0,0.6115320465472952,0.23664932613533063,2020-08-03,SIMULADA,0.5184371770767806,0.4787889756081735,0,0.0,0.0028829195495862167,0.003391670058336725,0.004070004070004071,0.00505358838692172,0.002803841079020671
0,2020.0,33.0,0.0010853344186677518,0.29787376761177164,1.0,0.24435541771729785,0.8700062930629642,2020-08-10,SIMULADA,0.6218909595354274,0.2634363211520649,0,0.0,0.0026794193460860124,0.0028829195495862167,0.003391670058336725,0.004070004070004071,0.0019975076968186483
0,2020.0,34.0,0.0019332519332519332,0.4331858799564171,1.0,0.2985268063489315,0.4895079112702234,2020-08-17,SIMULADA,0.2974638192791492,0.4447191578756705,0,0.0,0.0010853344186677518,0.0026794193460860124,0.0028829195495862167,0.003391670058336725,0.0016035038850608415
0,2020.0,35.0,0.0022724189390856057,0.514288399917565,1.0,0.570663497706346,0.4861522016690989,2020-08-24,SIMULADA,0.11312484266108158,0.6190645149680898,0,0.0,0.0019332519332519332,0.0010853344186677518,0.0026794193460860124,0.0028829195495862167,0.0014385720568831552
0,2020.0,36.0,0.0026794193460860124,0.5535419480879972,1.0,0.7169168426194038,0.41082222133744506,2020-08-31,SIMULADA,0.5318610632935741,0.7182603716890252,0,0.0,0.0022724189390856057,0.0019332519332519332,0.0010853344186677518,0.0026794193460860124,0.0014385720568831552
0,2020.0,37.0,0.002204585537918871,0.44105524779713573,1.0,0.696169651132787,0.30238686798823755,2020-09-07,SIMULADA,0.8716964296079279,0.3103898125782679,0,0.0,0.0026794193460860124,0.0022724189390856057,0.0019332519332519332,0.0010853344186677518,0.0017409470752089138
0,2020.0,38.0,0.00308641975308642,0.5202396970556838,1.0,0.39989797233612057,0.6954098079720012,2020-09-14,SIMULADA,0.38036750968568045,0.07754910058924297,0,0.0,0.002204585537918871,0.0026794193460860124,0.0022724189390856057,0.0019332519332519332,0.002052484972877877
0,2020.0,39.0,0.0031881698548365217,0.5116880337259883,1.0,0.929104791066156,0.13682286005716793,2020-09-21,SIMULADA,0.2995808897143426,0.5769721522740888,0,0.0,0.00308641975308642,0.002204585537918871,0.0026794193460860124,0.0022724189390856057,0.0022998827151444073
0,2020.0,40.0,0.0015601682268348935,0.30979615865124294,1.0,0.6866864116892729,0.6699649740165319,2020-09-28,SIMULADA,0.9507698158658613,0.27881821456063477,0,0.0,0.0031881698548365217,0.00308641975308642,0.002204585537918871,0.0026794193460860124,0.0019975076968186483
0,2020.0,41.0,0.0014584181250847919,0.3117315239403591,1.0,0.47954608132898124,0.5546494064084582,2020-10-05,SIMULADA,0.2509580798478197,0.26859261983367777,0,0.0,0.0015601682268348935,0.0031881698548365217,0.00308641975308642,0.002204585537918871,0.0017959243512681426
0,2020.0,42.0,0.0019671686338353007,0.4337502598159687,1.0,0.5511066739792748,0.5759423299573065,2020-10-12,SIMULADA,0.22200293764365542,0.5421524367972883,0,0.0,0.0014584181250847919,0.0015601682268348935,0.0031881698548365217,0.00308641975308642,0.001493549332942384
0,2020.0,43.0,0.0010853344186677518,0.35360293588734826,1.0,0.6196156286380298,0.4586484316990813,2020-10-19,SIMULADA,0.39188309207055716,0.20277032068163095,0,0.0,0.0019671686338353007,0.0014584181250847919,0.0015601682268348935,0.0031881698548365217,0.0009254508136636859
0,2020.0,44.0,0.0016280016280016281,0.44851411743990693,1.0,0.29113116915331994,0.560834638307498,2020-10-26,SIMULADA,0.44391955562378316,0.18128501567277097,0,0.0,0.0010853344186677518,0.0019671686338353007,0.0014584181250847919,0.0015601682268348935,0.0009437765723500956
0,2020.0,45.0,0.0026115859449192783,0.611905683383296,1.0,0.6193902329200408,0.6163694444329819,2020-11-02,SIMULADA,0.349131546612542,0.36160165552871076,0,0.0,0.0016280016280016281,0.0010853344186677518,0.0019671686338353007,0.0014584181250847919,0.0012553144700190588
0,2020.0,46.0,0.002645502645502646,0.5632176050859059,1.0,0.5465393947303879,0.585404280843979,2020-11-09,SIMULADA,0.5421793923442633,0.6508961884330264,0,0.0,0.0026115859449192783,0.0016280016280016281,0.0010853344186677518,0.0019671686338353007,0.0014385720568831552
0,2020.0,47.0,0.003154253154253154,0.5451497268126109,1.0,0.6650273200478817,0.372340763813261,2020-11-16,SIMULADA,0.17441801442841065,0.19595996652933734,0,0.0,0.002645502645502646,0.0026115859449192783,0.0016280016280016281,0.0010853344186677518,0.0019975076968186483
0,2020.0,48.0,0.0035951702618369284,0.53606898770403,1.0,0.6586860227295123,0.44375819841098174,2020-11-23,SIMULADA,0.5673866423000218,0.08201142301489324,0,0.0,0.003154253154253154,0.002645502645502646,0.0026115859449192783,0.0016280016280016281,0.0025289546987245274
0,2020.0,49.0,0.004103920770587438,0.5382627832766336,1.0,0.6523447254111426,0.5151756330087027,2020-11-30,SIMULADA,0.7920446416254117,0.05470047961361803,0,0.0,0.0035951702618369284,0.003154253154253154,0.002645502645502646,0.0026115859449192783,0.002932121389825539
0,2020.0,50.0,0.0022724189390856057,0.33080448732517315,1.0,0.6460034280927732,0.586593067606423,2020-12-07,SIMULADA,0.44557649501546037,0.0,0,0.0,0.004103920770587438,0.0035951702618369284,0.003154253154253154,0.002645502645502646,0.0028313297170502864
0,2020.0,51.0,0.0026115859449192783,0.36910441490767765,1.0,0.6396621307744038,0.6580105022041438,2020-12-14,SIMULADA,0.4350457031628041,0.20719512048947553,0,0.0,0.0022724189390856057,0.004103920770587438,0.0035951702618369284,0.003154253154253154,0.0026847236475590094
0,2020.0,52.0,0.0022724189390856057,0.3790968510083949,1.0,0.6333208334560342,0.7294279368018648,2020-12-21,SIMULADA,0.9431293295593495,0.21559440432038407,0,0.0,0.0026115859449192783,0.0022724189390856057,0.004103920770587438,0.0035951702618369284,0.0023273713531740217
0,2021.0,1.0,0.005664088997422332,0.8789324222526916,1.0,0.7604813982946769,0.6530930241028177,2021-01-04,SIMULADA,0.47248456611576617,0.5429204572369619,0,0.0,0.0022724189390856057,0.0026115859449192783,0.0022724189390856057,0.004103920770587438,0.0027488638029614424
0,2021.0,2.0,0.0058336725003391675,0.567002643834341,1.0,0.7924433501722624,0.5057505513150773,2021-01-11,SIMULADA,0.4893237231056107,0.08816091785640466,0,0.0,0.005664088997422332,0.0022724189390856057,0.0026115859449192783,0.0022724189390856057,0.0037109661339979473
0,2021.0,3.0,0.006071089404422738,0.47465828959672596,1.0,0.8711180874508927,0.30724839711411844,2021-01-18,SIMULADA,0.6837427087844086,0.08770911697742449,0,0.0,0.0058336725003391675,0.005664088997422332,0.0022724189390856057,0.0026115859449192783,0.004645579827004838
0,2021.0,4.0,0.009361009361009361,0.6432489551095376,1.0,0.8116819136330508,0.4413850332989673,2021-01-25,SIMULADA,0.3049761651480618,0.1954962404132125,0,0.0,0.006071089404422738,0.0058336725003391675,0.005664088997422332,0.0022724189390856057,0.006560621609734642
0,2021.0,5.0,0.01037851037851038,0.6220833644082794,1.0,0.5765717986508977,0.6316364284017759,2021-02-01,SIMULADA,0.32795470463928345,0.06308713893876965,0,0.0,0.009361009361009361,0.006071089404422738,0.0058336725003391675,0.005664088997422332,0.007834261838440111
0,2021.0,6.0,0.014007597340930674,0.6686806467884099,1.0,0.7416406354088608,0.5214576156377333,2021-02-08,SIMULADA,0.36207598110062444,0.22309723884645888,0,0.0,0.01037851037851038,0.009361009361009361,0.006071089404422738,0.0058336725003391675,0.01004251576015247
0,2021.0,7.0,0.013159679826346493,0.5250965676931476,1.0,0.6676986680360867,0.6011914646767802,2021-02-15,SIMULADA,0.7787526810569407,0.6063219668048357,0,0.0,0.014007597340930674,0.01037851037851038,0.009361009361009361,0.006071089404422738,0.011957557542882274
0,2021.0,8.0,0.01716185049518383,0.5804980258399394,1.0,0.6998962879001575,0.629626699420389,2021-02-22,SIMULADA,0.5165778558354985,0.24198349895569274,0,0.0,0.013159679826346493,0.014007597340930674,0.01037851037851038,0.009361009361009361,0.01406501979181938
0,2021.0,9.0,0.01841676841676842,0.5548819144696864,1.0,0.672107631911076,0.5775404725079101,2021-03-01,SIMULADA,0.4902241795300537,0.1798466984984124,0,0.0,0.01716185049518383,0.013159679826346493,0.014007597340930674,0.01037851037851038,0.01623662219615892
0,2021.0,10.0,0.022893772893772896,0.5992129396516458,1.0,0.7462181959291055,0.539522641406676,2021-03-08,SIMULADA,0.2859970860681511,0.33630451392260513,0,0.0,0.01841676841676842,0.01716185049518383,0.013159679826346493,0.014007597340930674,0.018637296584078582
0,2021.0,11.0,0.026115859449192782,0.5897513577728775,1.0,0.8364968874351234,0.3793281911019126,2021-03-15,SIMULADA,0.5760037141627947,0.3440457505493361,0,0.0,0.022893772893772896,0.01841676841676842,0.01716185049518383,0.013159679826346493,0.022137516493182817
0,2021.0,12.0,0.037817121150454484,0.7125186946139653,1.0,0.655479683113933,0.46354642132884516,2021-03-22,SIMULADA,0.5112697982737306,0.04552112251704929,0,0.0,0.026115859449192782,0.022893772893772896,0.01841676841676842,0.01716185049518383,0.027717710013194546
0,2021.0,13.0,0.05565730565730566,0.8247827585461251,1.0,0.5869936047341063,0.46860830103072293,2021-03-29,SIMULADA,0.6842078370282771,0.16844993310775425,0,0.0,0.037817121150454484,0.026115859449192782,0.022893772893772896,0.01841676841676842,0.037778551532033425
0,2021.0,14.0,0.05813322479989146,0.6456457932760731,1.0,0.5845928288384282,0.44689123386206964,2021-04-05,SIMULADA,0.7711227604904398,0.3219687490885537,0,0.0,0.05565730565730566,0.037817121150454484,0.026115859449192782,0.022893772893772896,0.04729878316962322
0,2021.0,15.0,0.05640347307013974,0.49664403822196296,1.0,0.43079780226030906,0.8312366132193056,2021-04-12,SIMULADA,0.21367290756674073,0.5678736817725004,0,0.0,0.05813322479989146,0.05565730565730566,0.037817121150454484,0.026115859449192782,0.05548123442310512
0,2021.0,17.0,0.048636548636548635,0.39236365233070924,1.0,0.48608645539098105,0.6047582743792947,2021-04-26,SIMULADA,0.6101878841774837,0.09339468562480026,0,0.0,0.05640347307013974,0.05813322479989146,0.05565730565730566,0.037817121150454484,0.05840419293358745
0,2021.0,18.0,0.04029304029304029,0.3470612441952369,1.0,0.3831215843075456,0.7170106845245254,2021-05-03,SIMULADA,0.6494734606479284,0.6378543980402092,0,0.0,0.048636548636548635,0.05640347307013974,0.05813322479989146,0.05565730565730566,0.05425340859111567
0,2021.0,19.0,0.03320444987111654,0.31687217319122857,1.0,0.4486817136884357,0.5441683404970938,2021-05-10,SIMULADA,0.17153924027678769,0.04909373316271176,0,0.0,0.04029304029304029,0.048636548636548635,0.05640347307013974,0.05813322479989146,0.04751869227386014
0,2021.0,20.0,0.02764211097544431,0.3061703589586532,1.0,0.49225890938560124,0.37819768684431865,2021-05-17,SIMULADA,0.9414953232242089,0.36431186608861493,0,0.0,0.03320444987111654,0.04029304029304029,0.048636548636548635,0.05640347307013974,0.03974857059082246
0,2021.0,21.0,0.02520010853344187,0.3321757419483528,1.0,0.5081125217989758,0.6453135507770489,2021-05-24,SIMULADA,0.77145142813748,0.4218478374881986,0,0.0,0.02764211097544431,0.03320444987111654,0.04029304029304029,0.048636548636548635,0.033417020964667934
0,2021.0,22.0,0.018484601817935153,0.29243971938551483,1.0,0.4342046032600987,0.7947264164513674,2021-05-31,SIMULADA,0.4396110314757242,0.4425619336915752,0,0.0,0.02520010853344187,0.02764211097544431,0.03320444987111654,0.04029304029304029,0.027525289546987245
0,2021.0,23.0,0.016110432777099445,0.30294744943462726,1.0,0.23395734318515582,0.7679217121603967,2021-06-07,SIMULADA,0.6112617279282051,0.26141506877113024,0,0.0,0.018484601817935153,0.02520010853344187,0.02764211097544431,0.03320444987111654,0.022907198358012023
0,2021.0,25.0,0.009361009361009361,0.2729173129887685,1.0,0.2508065733911674,0.46524140963681626,2021-06-21,SIMULADA,0.47682679936841676,0.6137052000817301,0,0.0,0.016110432777099445,0.018484601817935153,0.02520010853344187,0.02764211097544431,0.01796840639202463
0,2021.0,26.0,0.00851309184642518,0.3081068760434011,1.0,0.2543279628515164,0.7198308577004862,2021-06-28,SIMULADA,0.8542518346789922,0.049442528803680066,0,0.0,0.009361009361009361,0.016110432777099445,0.018484601817935153,0.02520010853344187,0.013460269755167863
0,2021.0,27.0,0.007868674535341203,0.3513460960526949,1.0,0.44146951886179775,0.3124763460873463,2021-07-05,SIMULADA,0.7713258036490109,0.28724687017281125,0,0.0,0.00851309184642518,0.009361009361009361,0.016110432777099445,0.018484601817935153,0.010592288520744758
0,2021.0,28.0,0.006342423009089675,0.33866547044673345,1.0,0.20418354655012405,0.4122153691169639,2021-07-12,SIMULADA,0.6959850876672558,0.26190167744628434,0,0.0,0.007868674535341203,0.00851309184642518,0.009361009361009361,0.016110432777099445,0.007953379269901773
0,2021.0,29.0,0.005087505087505087,0.31778315086272146,1.0,0.17992385143051315,0.3107705332323696,2021-07-19,SIMULADA,0.6464045020888736,0.5503396038802373,0,0.0,0.006342423009089675,0.007868674535341203,0.00851309184642518,0.009361009361009361,0.006798856472657967
0,2021.0,30.0,0.004544837878171212,0.334493454844095,1.0,0.19992084321333925,0.7328485150909634,2021-07-26,SIMULADA,0.5055350525089068,0.17219803495253733,0,0.0,0.005087505087505087,0.006342423009089675,0.007868674535341203,0.00851309184642518,0.005726799589503005
0,2021.0,31.0,0.006138922805589472,0.4861694498785761,1.0,0.3371151726654472,0.5730844351998772,2021-08-02,SIMULADA,0.4436756868676448,0.5338552621733444,0,0.0,0.004544837878171212,0.005087505087505087,0.006342423009089675,0.007868674535341203,0.0052594927429995605
0,2021.0,33.0,0.005935422602089268,0.44711912082247923,1.0,0.6805940471780879,0.05538299453305062,2021-08-16,SIMULADA,0.6153676133902835,0.29735480547331444,0,0.0,0.006138922805589472,0.004544837878171212,0.005087505087505087,0.006342423009089675,0.005149538190881103
0,2021.0,34.0,0.004103920770587438,0.31921581693422013,1.0,0.48903853070296643,0.503483212404745,2021-08-23,SIMULADA,0.9013980588660999,0.4167035119294677,0,0.0,0.005935422602089268,0.006138922805589472,0.004544837878171212,0.005087505087505087,0.004883814689928163
0,2021.0,35.0,0.004341337674671007,0.35984001955846073,1.0,0.6272307016552671,0.5612935205065428,2021-08-30,SIMULADA,0.566244419574101,0.9899321667909459,0,0.0,0.004103920770587438,0.005935422602089268,0.006138922805589472,0.004544837878171212,0.004828837413868935
0,2021.0,36.0,0.004748338081671416,0.43930485382566054,1.0,0.6317795790489164,0.5557549534761508,2021-09-06,SIMULADA,0.8307277192539786,0.28613391529072635,0,0.0,0.004341337674671007,0.004103920770587438,0.005935422602089268,0.006138922805589472,0.004453159360797538
0,2021.0,37.0,0.005087505087505087,0.4865359062358922,1.0,0.4733324302259777,0.6323130554736431,2021-09-13,SIMULADA,0.6577352409986752,0.17598407364653187,0,0.0,0.004748338081671416,0.004341337674671007,0.004103920770587438,0.005935422602089268,0.004224087377217417
0,2021.0,38.0,0.0047822547822547815,0.4490910743781959,1.0,0.6362592694281609,0.42975307868604395,2021-09-20,SIMULADA,0.4428225170138491,0.35798799562867145,0,0.0,0.005087505087505087,0.004748338081671416,0.004341337674671007,0.004103920770587438,0.004407344964081513
0,2021.0,39.0,0.004036087369420703,0.38586153651302485,1.0,0.4421975084986355,0.853286976406971,2021-09-27,SIMULADA,0.6051180155556091,0.5090497681850289,0,0.0,0.0047822547822547815,0.005087505087505087,0.004748338081671416,0.004341337674671007,0.00432487904999267
0,2021.0,40.0,0.003866503866503867,0.3866935963251983,1.0,0.5350411881505334,0.7344193247672584,2021-10-04,SIMULADA,0.21224188534581456,0.20455658131963877,0,0.0,0.004036087369420703,0.0047822547822547815,0.005087505087505087,0.004748338081671416,0.004086644187069345
0,2021.0,41.0,0.0040021706688373355,0.4246669611615396,1.0,0.2856763785098513,0.8862758444321117,2021-10-11,SIMULADA,0.32079529183951827,0.5405808175215627,0,0.0,0.003866503866503867,0.004036087369420703,0.0047822547822547815,0.005087505087505087,0.0037934320480867904
0,2021.0,42.0,0.0029168362501695833,0.35627583872566393,1.0,0.47838773675879553,0.8722213454815457,2021-10-18,SIMULADA,0.3590809463814457,0.3938607206325255,0,0.0,0.0040021706688373355,0.003866503866503867,0.004036087369420703,0.0047822547822547815,0.0032894736842105266
0,2021.0,43.0,0.004375254375254375,0.5002165905348878,1.0,0.46444371295169173,0.7733761906800751,2021-10-25,SIMULADA,0.3614072081769377,0.7897492439404846,0,0.0,0.0029168362501695833,0.0040021706688373355,0.003866503866503867,0.004036087369420703,0.0033811024776425748
0,2021.0,44.0,0.0035951702618369284,0.4403019204978582,1.0,0.35944439253292393,0.7232954593865413,2021-11-01,SIMULADA,0.26612877262638457,0.37827332211562276,0,0.0,0.004375254375254375,0.0029168362501695833,0.0040021706688373355,0.003866503866503867,0.003307799442896936
0,2021.0,45.0,0.005019671686338352,0.544919676596969,1.0,0.5504053508273633,0.5337622890537388,2021-11-08,SIMULADA,0.4192527820161345,0.19351857280565343,0,0.0,0.0035951702618369284,0.004375254375254375,0.0029168362501695833,0.0040021706688373355,0.0035826858231930805
0,2021.0,46.0,0.0068172568172568185,0.646370894962858,1.0,0.5628199139799718,0.5333273530390457,2021-11-15,SIMULADA,0.6631993204551816,0.08133764668919218,0,0.0,0.005019671686338352,0.0035951702618369284,0.004375254375254375,0.0029168362501695833,0.004636416947661634
0,2021.0,47.0,0.008580925247591915,0.6682323290940488,1.0,0.6168540359351297,0.6737386754652017,2021-11-22,SIMULADA,0.3685420109652515,0.032571988903307716,0,0.0,0.0068172568172568185,0.005019671686338352,0.0035951702618369284,0.004375254375254375,0.005772613986219029
0,2021.0,49.0,0.009327092660425994,0.4765558839325393,1.0,0.7115581215440209,0.7010787018338698,2021-12-06,SIMULADA,0.5550267811288834,0.12457519696128261,0,0.0,0.008580925247591915,0.0068172568172568185,0.005019671686338352,0.0035951702618369284,0.007321140595220642
0,2021.0,50.0,0.0033577533577533575,0.19321367309392165,1.0,0.5249847183125661,0.6505265168624377,2021-12-13,SIMULADA,0.28090807183016775,0.1388223765492517,0,0.0,0.009327092660425994,0.008580925247591915,0.0068172568172568185,0.005019671686338352,0.006872159507403606
0,2021.0,51.0,0.0,0.06323661192033458,1.0,0.6228594057657401,0.6491235376791666,2021-12-20,SIMULADA,0.2321604180798329,0.20954751020805704,0,0.0,0.0033577533577533575,0.009327092660425994,0.008580925247591915,0.0068172568172568185,0.0050304207594194395
0,2022.0,1.0,0.0072920906254239585,0.6993368569747845,1.0,0.5884940761646139,0.8884677616142524,2022-01-03,SIMULADA,0.4745227980870137,0.05924950069233312,0,0.0,0.0,0.0033577533577533575,0.009327092660425994,0.008580925247591915,0.004682231344377657
0,2022.0,2.0,0.011124677791344458,0.7038922307633582,1.0,0.7553118724187505,0.5697706984049533,2022-01-10,SIMULADA,0.41080086574315033,0.27591353291906373,0,0.0,0.0072920906254239585,0.0,0.0033577533577533575,0.009327092660425994,0.005167863949567511
0,2022.0,3.0,0.0097340930674264,0.496502248207987,1.0,0.7367019249754031,0.7006543117144808,2022-01-17,SIMULADA,0.32652743049909905,0.43871132819326536,0,0.0,0.011124677791344458,0.0072920906254239585,0.0,0.0033577533577533575,0.006890485266090016
0,2022.0,4.0,0.00851309184642518,0.39940170615795845,1.0,0.6680388412747854,0.8077643332497901,2022-01-24,SIMULADA,0.7941854143737894,0.4855091777437388,0,0.0,0.0097340930674264,0.011124677791344458,0.0072920906254239585,0.0,0.009190367981234423
0,2022.0,5.0,0.009225342558675893,0.42751238180304124,1.0,0.5873687000845705,0.7209762305272684,2022-01-31,SIMULADA,0.671285177784382,0.21980177323311506,0,0.0,0.00851309184642518,0.0097340930674264,0.011124677791344458,0.0072920906254239585,0.009712652103797096
0,2022.0,6.0,0.0096323429656763,0.4624763959123171,1.0,0.6320079097007653,0.6700822113627853,2022-02-07,SIMULADA,0.5940226323615632,0.13768869781859247,0,0.0,0.009225342558675893,0.00851309184642518,0.0097340930674264,0.011124677791344458,0.009309485412696085
0,2022.0,7.0,0.010310676977343645,0.4881386673680412,1.0,0.7828059096639776,0.4784050340788366,2022-02-14,SIMULADA,0.6534233690154743,0.8423900675003259,0,0.0,0.0096323429656763,0.009225342558675893,0.00851309184642518,0.0097340930674264,0.009465254361530567
0,2022.0,9.0,0.01997693664360331,0.7127284008531232,1.0,0.800061394134813,0.5594137468210272,2022-02-28,SIMULADA,0.8801431060499199,0.40089462674440357,0,0.0,0.010310676977343645,0.0096323429656763,0.009225342558675893,0.00851309184642518,0.012562307579533792
0,2022.0,11.0,0.030796364129697464,0.6715270382921299,1.0,0.6499064507838549,0.5911461600178487,2022-03-14,SIMULADA,0.44912686132133217,0.11306442790008497,0,0.0,0.01997693664360331,0.010310676977343645,0.0096323429656763,0.009225342558675893,0.018389898841812052
0,2022.0,12.0,0.04134445801112468,0.7188443032673486,1.0,0.60264450864827,0.801099155940765,2022-03-21,SIMULADA,0.7631768484440458,0.11394892263215184,0,0.0,0.030796364129697464,0.01997693664360331,0.010310676977343645,0.0096323429656763,0.02695719102770855
0,2022.0,14.0,0.06433998100664767,0.6741657976714311,1.0,0.5370277152376252,0.6965604930434688,2022-04-04,SIMULADA,0.38005732961125593,0.3917164132557271,0,0.0,0.04134445801112468,0.030796364129697464,0.01997693664360331,0.010310676977343645,0.04155365782143381
0,2022.0,15.0,0.08645366978700311,0.7099896426653346,1.0,0.474359918159278,0.5643709963800816,2022-04-11,SIMULADA,0.03494805916534771,0.6004072976077612,0,0.0,0.06433998100664767,0.04134445801112468,0.030796364129697464,0.01997693664360331,0.059512901334115235
0,2022.0,16.0,0.1064645231311898,0.6904059395585314,1.0,0.6756922574923351,0.4917359817248792,2022-04-18,SIMULADA,0.34941679368221945,0.6856522693766076,0,0.0,0.08645366978700311,0.06433998100664767,0.04134445801112468,0.030796364129697464,0.07995528514880515
0,2022.0,17.0,0.11870845204178537,0.6116708671167643,1.0,0.4695797481713281,0.663018629992101,2022-04-25,SIMULADA,0.7853109013252815,0.19054444694538564,0,0.0,0.1064645231311898,0.08645366978700311,0.06433998100664767,0.04134445801112468,0.10085581293065532
0,2022.0,18.0,0.11816578483245149,0.5093544781240471,1.0,0.3923355120595763,0.7419559209798781,2022-05-02,SIMULADA,0.467076141237712,0.3797037565656787,0,0.0,0.11870845204178537,0.1064645231311898,0.08645366978700311,0.06433998100664767,0.11539730244832135
0,2022.0,19.0,0.08123049789716456,0.32415618172245964,1.0,0.16310872407558896,0.5563013858974766,2022-05-09,SIMULADA,0.980033693570082,0.37666199579281345,0,0.0,0.11816578483245149,0.11870845204178537,0.1064645231311898,0.08645366978700311,0.11398621902946782
0,2022.0,20.0,0.07794057794057795,0.3263039231218339,1.0,0.41256307620753063,0.3091835510398031,2022-05-16,SIMULADA,0.7724523291157397,0.29810042524955577,0,0.0,0.08123049789716456,0.11816578483245149,0.11870845204178537,0.1064645231311898,0.10628023750183256
0,2022.0,21.0,0.06250847917514583,0.30799899118589497,1.0,0.39016309382433245,0.7522091498252523,2022-05-23,SIMULADA,0.552878975117256,0.7431241125861255,0,0.0,0.07794057794057795,0.08123049789716456,0.11816578483245149,0.11870845204178537,0.0910973464301422
0,2022.0,22.0,0.04612671279337946,0.27327979763700966,1.0,0.31932986061035507,0.8806074221346663,2022-05-30,SIMULADA,0.7581561803717614,0.8919687959337002,0,0.0,0.06250847917514583,0.07794057794057795,0.08123049789716456,0.11816578483245149,0.07163539070517519
0,2022.0,23.0,0.035002035002035,0.25398322703127546,1.0,0.2148751954938256,0.4987907034003203,2022-06-06,SIMULADA,0.7987280594832367,0.46165359426981245,0,0.0,0.04612671279337946,0.06250847917514583,0.07794057794057795,0.08123049789716456,0.05914638616038704
0,2022.0,24.0,0.03350970017636684,0.3091554513692909,1.0,0.42006546937150324,0.5107863770825256,2022-06-13,SIMULADA,0.9314303575417737,0.33914538375636616,0,0.0,0.035002035002035,0.04612671279337946,0.06250847917514583,0.07794057794057795,0.04714301422078874
0,2022.0,25.0,0.02699769366436033,0.3143871851482794,1.0,0.36077453876816945,0.5052570162757779,2022-06-20,SIMULADA,0.6076283281117123,0.4352856583813731,0,0.0,0.03350970017636684,0.035002035002035,0.04612671279337946,0.06250847917514583,0.03754947954845331
0,2022.0,27.0,0.020383937050603717,0.3307000137244614,1.0,0.4862799899711686,0.3246405683265876,2022-07-04,SIMULADA,0.6938354515119494,0.3086727499967418,0,0.0,0.02699769366436033,0.03350970017636684,0.035002035002035,0.04612671279337946,0.030594854126960856
0,2022.0,28.0,0.01790801790801791,0.34096734063627665,1.0,0.48883734368787557,0.4904682272126726,2022-07-11,SIMULADA,0.2465377410998557,0.5772867539607527,0,0.0,0.020383937050603717,0.02699769366436033,0.03350970017636684,0.035002035002035,0.025976762937985634
0,2022.0,30.0,0.01407543074209741,0.35585669102795336,1.0,0.33835375976775783,0.5864174405815865,2022-07-25,SIMULADA,0.5961730501658549,0.4893550818921062,0,0.0,0.01790801790801791,0.020383937050603717,0.02699769366436033,0.03350970017636684,0.020726433074329278
0,2022.0,31.0,0.010344593677927012,0.30792475111726386,1.0,0.2876483389620318,0.8141389196998472,2022-08-01,SIMULADA,0.6525647933250003,0.26001435770591175,0,0.0,0.01407543074209741,0.01790801790801791,0.020383937050603717,0.02699769366436033,0.016227459316815716
0,2022.0,32.0,0.009768009768009768,0.3351462272956148,1.0,0.3746208184743648,0.3563881037370997,2022-08-08,SIMULADA,0.8251757874178862,0.0600414868780733,0,0.0,0.010344593677927012,0.01407543074209741,0.01790801790801791,0.020383937050603717,0.013359478082392611
0,2022.0,33.0,0.009462759462759464,0.37749559029967433,1.0,0.36298961257585816,0.5845849662367915,2022-08-15,SIMULADA,0.8715593722203931,0.600112084900125,0,0.0,0.009768009768009768,0.010344593677927012,0.01407543074209741,0.01790801790801791,0.011077921125934613
0,2022.0,34.0,0.0074277574277574285,0.3434068084802167,1.0,0.22498293664566038,0.6654946718846688,2022-08-22,SIMULADA,0.4507099291125367,0.06874836125212483,0,0.0,0.009462759462759464,0.009768009768009768,0.010344593677927012,0.01407543074209741,0.00928199677466647
0,2022.0,35.0,0.00912359245692579,0.4446327868114547,1.0,0.4211908454515404,0.5595747181951551,2022-08-29,SIMULADA,0.08160698366127073,0.6582347219745881,0,0.0,0.0074277574277574285,0.009462759462759464,0.009768009768009768,0.010344593677927012,0.008952133118311098
0,2022.0,36.0,0.007495590828924164,0.3986861145079031,1.0,0.24331901694804448,0.9363949582118014,2022-09-05,SIMULADA,0.6001351493433764,0.19562240893628535,0,0.0,0.00912359245692579,0.0074277574277574285,0.009462759462759464,0.009768009768009768,0.008338220202316376
0,2022.0,37.0,0.009971509971509971,0.5161348474665131,1.0,0.27196154062672795,0.7182958726305912,2022-09-12,SIMULADA,0.7310225644295589,0.29137132912159747,0,0.0,0.007495590828924164,0.00912359245692579,0.0074277574277574285,0.009462759462759464,0.008475663392464448
0,2022.0,38.0,0.009157509157509158,0.46885496068669974,1.0,0.25769651067964416,1.0,2022-09-19,SIMULADA,0.5683387838970595,0.5761291355306433,0,0.0,0.009971509971509971,0.007495590828924164,0.00912359245692579,0.0074277574277574285,0.008942970238967892
0,2022.0,39.0,0.012311762311762313,0.5725920300155295,1.0,0.4485745435883012,0.7535234856141684,2022-09-26,SIMULADA,0.7026308257193967,0.6923340897038851,0,0.0,0.009157509157509158,0.009971509971509971,0.007495590828924164,0.00912359245692579,0.009804280897229145
0,2022.0,40.0,0.015059015059015059,0.6226031728659898,1.0,0.5498055169680297,0.7904302073309806,2022-10-03,SIMULADA,0.7869457530878823,0.22672112393081462,0,0.0,0.012311762311762313,0.009157509157509158,0.009971509971509971,0.007495590828924164,0.011847602990763817
0,2022.0,41.0,0.014753764753764755,0.5273961872475483,1.0,0.5658488917613241,0.7377214367846356,2022-10-10,SIMULADA,0.7176922285697573,0.573984042056353,0,0.0,0.015059015059015059,0.012311762311762313,0.009157509157509158,0.009971509971509971,0.013139568978155694
0,2022.0,42.0,0.013939763939763941,0.4441198185193734,1.0,0.6217296452906439,0.5168939723295649,2022-10-17,SIMULADA,0.7964472785949093,0.21626641124150847,0,0.0,0.014753764753764755,0.015059015059015059,0.012311762311762313,0.009157509157509158,0.014431534965547574
0,2022.0,45.0,0.010683760683760684,0.41282279513880465,1.0,0.5652366699603067,0.45310538123420496,2022-11-07,SIMULADA,0.34971684274671366,0.02715007230464431,0,0.0,0.013939763939763941,0.014753764753764755,0.015059015059015059,0.012311762311762313,0.013991716757073744
0,2022.0,46.0,0.008343508343508345,0.3667881715442932,1.0,0.5312258371554438,0.7150894917637602,2022-11-14,SIMULADA,0.8164814150223305,0.9552649385583496,0,0.0,0.010683760683760684,0.013939763939763941,0.014753764753764755,0.015059015059015059,0.01217746664711919
0,2022.0,47.0,0.009598426265092932,0.43548267518436456,1.0,0.6196289528776279,0.7470319940564298,2022-11-21,SIMULADA,0.5265927335847771,0.3479868727764658,0,0.0,0.008343508343508345,0.010683760683760684,0.013939763939763941,0.014753764753764755,0.010784708986952059
0,2022.0,48.0,0.008140008140008141,0.39837565924854385,1.0,0.7311417287932608,0.6238287683842909,2022-11-28,SIMULADA,0.7767849405522003,0.3416431604288708,0,0.0,0.009598426265092932,0.008343508343508345,0.010683760683760684,0.013939763939763941,0.009217856619264038
0,2022.0,50.0,0.0,0.07281331599314572,1.0,0.5126334002837355,0.739898453245468,2022-12-12,SIMULADA,0.7143455850439733,0.6148166042587851,0,0.0,0.008140008140008141,0.009598426265092932,0.008343508343508345,0.010683760683760684,0.006331549626154523
0,2022.0,51.0,0.004816171482838149,0.5488304420026769,1.0,0.6479698025675668,0.7279437508904731,2022-12-19,SIMULADA,0.7466476087078966,0.028219142526458112,0,0.0,0.0,0.008140008140008141,0.009598426265092932,0.008343508343508345,0.005378610174461222
0,2023.0,2.0,0.030151946818613485,0.7752025902603985,1.0,0.710407861546242,0.7820961670975675,2023-01-09,SIMULADA,0.6127421177588608,0.508984430108745,0,0.0,0.004816171482838149,0.0,0.008140008140008141,0.009598426265092932,0.010931315056443337
0,2023.0,3.0,0.03289919956586623,0.6082107583007618,1.0,0.6833992677628137,0.6304419057011541,2023-01-16,SIMULADA,0.2323420812972472,0.22787479699002852,0,0.0,0.030151946818613485,0.004816171482838149,0.0,0.008140008140008141,0.017620216976982846
0,2023.0,4.0,0.03795278795278795,0.5761509902573977,1.0,0.7010298655898436,0.819159894760396,2023-01-23,SIMULADA,0.6508904450324782,0.48911291491522846,0,0.0,0.03289919956586623,0.030151946818613485,0.004816171482838149,0.0,0.02787347896202903
0,2023.0,5.0,0.04249762583095916,0.559468973670658,0.0,0.668394499440592,0.8032351498691574,2023-01-30,SIMULADA,0.7084863611125709,0.8754441624476618,0,0.0,0.03795278795278795,0.03289919956586623,0.030151946818613485,0.004816171482838149,0.03805343791232957
0,2023.0,7.0,0.043989960656627324,0.4751331736117884,0.0,0.6632346409740429,0.8048298092734463,2023-02-13,SIMULADA,0.4815176894583284,0.2161651048035976,0,0.0,0.04249762583095916,0.03795278795278795,0.03289919956586623,0.030151946818613485,0.04179189268435713
0,2023.0,8.0,0.05647130647130647,0.572821594800062,0.0,0.7221115855190626,0.7147702497935691,2023-02-20,SIMULADA,0.5264944363593267,0.1962181177769322,0,0.0,0.043989960656627324,0.04249762583095916,0.03795278795278795,0.03289919956586623,0.04816009382788448
0,2023.0,9.0,0.06437389770723104,0.5938790667542797,0.0,0.6851998406817074,0.727854562100898,2023-02-27,SIMULADA,0.6552308337554698,0.7021491984323752,0,0.0,0.05647130647130647,0.043989960656627324,0.04249762583095916,0.03795278795278795,0.05529797683624102
0,2023.0,10.0,0.07648215981549315,0.6055389013458358,0.0,0.5935929085467934,0.9655356569063009,2023-03-06,SIMULADA,0.39867915942228094,0.2979632566409278,0,0.0,0.06437389770723104,0.05647130647130647,0.043989960656627324,0.04249762583095916,0.06447918193813224
0,2023.0,11.0,0.09110025776692443,0.6119298225484516,0.0,0.739292040116366,0.6093687454637613,2023-03-13,SIMULADA,0.46772133717384334,0.010539372069120506,0,0.0,0.07648215981549315,0.06437389770723104,0.05647130647130647,0.043989960656627324,0.07720642134584371
0,2023.0,12.0,0.09221950888617556,0.5314676303503887,0.0,0.6961533185513543,0.657302712143566,2023-03-20,SIMULADA,0.582369193817251,0.19876497056234088,0,0.0,0.09110025776692443,0.07648215981549315,0.06437389770723104,0.05647130647130647,0.08686409617358158
0,2023.0,13.0,0.08499525166191833,0.4388379308807883,0.0,0.5629859358059567,0.7649521923878542,2023-03-27,SIMULADA,0.5547538161063728,0.2408874475462812,0,0.0,0.09221950888617556,0.09110025776692443,0.07648215981549315,0.06437389770723104,0.0924351268142501
0,2023.0,14.0,0.1010717677384344,0.4987924680509103,0.0,0.5993072547774746,0.7235822562953707,2023-04-03,SIMULADA,0.5893503573146677,0.19429006839493915,0,0.0,0.08499525166191833,0.09221950888617556,0.09110025776692443,0.07648215981549315,0.0990782143380736
0,2023.0,15.0,0.08601275267941934,0.4193092580097237,0.0,0.5273495997871044,0.6177689976292624,2023-04-10,SIMULADA,0.8519212761571671,0.7011489396303376,0,0.0,0.1010717677384344,0.08499525166191833,0.09221950888617556,0.09110025776692443,0.09770378243659286
0,2023.0,16.0,0.08587708587708588,0.4135125927449232,0.0,0.5078775118400393,0.7067862639785136,2023-04-17,SIMULADA,0.41658727570441423,0.2132534436559511,0,0.0,0.08601275267941934,0.1010717677384344,0.08499525166191833,0.09221950888617556,0.09599032399941357
0,2023.0,17.0,0.10541310541310542,0.5142721600404585,0.0,0.5368981009960595,0.9520351175455595,2023-04-24,SIMULADA,0.8788273716930948,0.6447240501759476,0,0.0,0.08587708587708588,0.08601275267941934,0.1010717677384344,0.08499525166191833,0.10150637736402286
0,2023.0,18.0,0.09554334554334554,0.45999500447258573,0.0,0.4695812336439883,0.9021304762673847,2023-05-01,SIMULADA,0.3978098118679074,0.24670321623868993,0,0.0,0.10541310541310542,0.08587708587708588,0.08601275267941934,0.1010717677384344,0.10001282803108048
0,2023.0,20.0,0.07275132275132275,0.3416698212333746,0.0,0.4712067518627555,0.6031950430767254,2023-05-15,SIMULADA,0.5914865553529478,0.3863945618307651,0,0.0,0.09554334554334554,0.10541310541310542,0.08587708587708588,0.08601275267941934,0.0964301422078874
0,2023.0,21.0,0.053927553927553926,0.2804919094079638,0.0,0.343988239585986,0.8991989608297266,2023-05-22,SIMULADA,0.7851008192112905,0.20017965297051668,0,0.0,0.07275132275132275,0.09554334554334554,0.10541310541310542,0.08587708587708588,0.08779870986658847
0,2023.0,22.0,0.04124270790937457,0.2571683832540389,0.0,0.35741724452078005,0.6272789587757488,2023-05-29,SIMULADA,0.3905226919255713,0.15270125235261606,0,0.0,0.053927553927553926,0.07275132275132275,0.09554334554334554,0.10541310541310542,0.07046254214924497
0,2023.0,23.0,0.03764753764753764,0.29769773263954935,0.0,0.30160848689962083,0.829103888089759,2023-06-05,SIMULADA,0.8972391881290891,0.44353287985820466,0,0.0,0.04124270790937457,0.053927553927553926,0.07275132275132275,0.09554334554334554,0.05482150711039437
0,2023.0,24.0,0.034425451092117754,0.34167750428392957,0.0,0.2797708324418646,0.6848360760788452,2023-06-12,SIMULADA,0.40671771233053877,0.3669184686180934,0,0.0,0.03764753764753764,0.04124270790937457,0.053927553927553926,0.07275132275132275,0.044467453452572935
0,2023.0,25.0,0.028964862298195632,0.3384766995274108,0.0,0.49147456181640103,0.479217100169234,2023-06-19,SIMULADA,0.34207078528727153,0.7092093363283444,0,0.0,0.034425451092117754,0.03764753764753764,0.04124270790937457,0.053927553927553926,0.037723574255974196
0,2023.0,26.0,0.023368606701940037,0.3120061058407513,0.0,0.2670167802682629,0.6155014193642598,2023-06-26,SIMULADA,0.7276053535779272,0.3394924970575793,0,0.0,0.028964862298195632,0.034425451092117754,0.03764753764753764,0.04124270790937457,0.03289473684210526
0,2023.0,27.0,0.020010853344186678,0.3120570496291527,0.0,0.4121834704219026,0.5622316479138525,2023-07-03,SIMULADA,0.557087989279837,0.36012438663868557,0,0.0,0.023368606701940037,0.028964862298195632,0.034425451092117754,0.03764753764753764,0.028130039583638765
0,2023.0,28.0,0.016619183285849954,0.31123983076988937,0.0,0.31012879795183357,0.804790812324558,2023-07-10,SIMULADA,0.7162302971287045,0.8011745231799468,0,0.0,0.020010853344186678,0.023368606701940037,0.028964862298195632,0.034425451092117754,0.02331952792845624
0,2023.0,29.0,0.016788766788766788,0.36962138579990444,0.0,0.44352244207527514,0.5747895514255927,2023-07-17,SIMULADA,0.7669350073663652,0.3734842993664003,0,0.0,0.016619183285849954,0.020010853344186678,0.023368606701940037,0.028964862298195632,0.020030054244245712
0,2023.0,30.0,0.01862026862026862,0.4569870085396159,0.0,0.38749131369863055,0.6666728077215529,2023-07-24,SIMULADA,0.7716578589630003,0.3519855684591561,0,0.0,0.016788766788766788,0.016619183285849954,0.020010853344186678,0.023368606701940037,0.01874725113619704
0,2023.0,31.0,0.019230769230769232,0.4833208959999153,0.0,0.5135611274744646,0.5614171275449762,2023-07-31,SIMULADA,0.4745164190813962,0.12261547785387061,0,0.0,0.01862026862026862,0.016788766788766788,0.016619183285849954,0.020010853344186678,0.01853650491130333
0,2023.0,32.0,0.018823768823768825,0.45673895324283437,0.0,0.49168866794218513,0.657400136364285,2023-08-07,SIMULADA,0.5692333826583671,0.2902173077885867,0,0.0,0.019230769230769232,0.01862026862026862,0.016788766788766788,0.016619183285849954,0.01913209206861164
0,2023.0,33.0,0.01875593542260209,0.44205139656323605,0.0,0.5795116120613036,0.39058005407164864,2023-08-14,SIMULADA,0.3510303406817761,0.07413673636329571,0,0.0,0.018823768823768825,0.019230769230769232,0.01862026862026862,0.016788766788766788,0.01966353907051752
0,2023.0,34.0,0.018959435626102295,0.4447811080803539,0.0,0.31011259279556624,0.7891602378949631,2023-08-21,SIMULADA,0.3616469012038943,0.1829995133577389,0,0.0,0.01875593542260209,0.018823768823768825,0.019230769230769232,0.01862026862026862,0.01975516786394957
0,2023.0,35.0,0.018077601410934747,0.4271714017529359,0.0,0.613094097571626,0.651035445622218,2023-08-28,SIMULADA,0.5726477377519721,0.5467647184575074,0,0.0,0.018959435626102295,0.01875593542260209,0.018823768823768825,0.019230769230769232,0.019443629966280605
0,2023.0,36.0,0.020757020757020756,0.48683100422016157,0.0,0.5880643334260575,0.48812994286371936,2023-09-04,SIMULADA,0.7918957520939736,0.030760030255212522,0,0.0,0.018077601410934747,0.018959435626102295,0.01875593542260209,0.018823768823768825,0.019965914088843278
0,2023.0,37.0,0.02530185863519197,0.57024373495991,0.0,0.7596517303051108,0.4287928484825829,2023-09-11,SIMULADA,0.558332926313849,0.22929720625016214,0,0.0,0.020757020757020756,0.018077601410934747,0.018959435626102295,0.01875593542260209,0.021734349802081807
0,2023.0,39.0,0.027540360873694207,0.5210918051726656,0.0,0.636477237782857,0.8629486383997005,2023-09-25,SIMULADA,0.15068097120267865,0.5634152787357034,0,0.0,0.02530185863519197,0.020757020757020756,0.018077601410934747,0.018959435626102295,0.024052558275912624
0,2023.0,40.0,0.022147605480938814,0.40609594236961877,0.0,0.538891587297487,0.8916729850047691,2023-10-02,SIMULADA,0.4586640171395826,0.11544972933001513,0,0.0,0.027540360873694207,0.02530185863519197,0.020757020757020756,0.018077601410934747,0.0251521037970972
0,2023.0,41.0,0.02269027269027269,0.4105956989921127,0.0,0.48526872519986564,0.9131370257077815,2023-10-09,SIMULADA,0.3621808524791241,0.7931643120567525,0,0.0,0.022147605480938814,0.027540360873694207,0.02530185863519197,0.020757020757020756,0.025674387919659876
0,2023.0,42.0,0.024284357617690953,0.45268176416256295,0.0,0.6350106711404183,0.7949072506906316,2023-10-16,SIMULADA,0.7021880058114136,0.4842369808395235,0,0.0,0.02269027269027269,0.022147605480938814,0.027540360873694207,0.02530185863519197,0.025399501539363732
0,2023.0,43.0,0.020180436847103515,0.39056357227870636,0.0,0.6681700220147934,0.7918399384594146,2023-10-23,SIMULADA,0.5993989368565014,0.3674163659153732,0,0.0,0.024284357617690953,0.02269027269027269,0.022147605480938814,0.027540360873694207,0.023411156721888288
0,2023.0,44.0,0.02404694071360738,0.46653340847218505,0.0,0.6159894188252063,0.5672570242423596,2023-10-30,SIMULADA,0.6005719182021918,0.6300040283567826,0,0.0,0.020180436847103515,0.024284357617690953,0.02269027269027269,0.022147605480938814,0.023924277965107755
0,2023.0,45.0,0.02245285578618912,0.44455551500489626,0.0,0.9851239726414819,0.3885676886164371,2023-11-06,SIMULADA,0.19035240856093183,0.3342549090024478,0,0.0,0.02404694071360738,0.020180436847103515,0.024284357617690953,0.02269027269027269,0.023860137809705324
0,2023.0,46.0,0.025505358838692174,0.4930067470511164,0.0,0.6511798159520968,0.8414099333295417,2023-11-13,SIMULADA,0.723122579762367,0.7038370148335359,0,0.0,0.02245285578618912,0.02404694071360738,0.020180436847103515,0.024284357617690953,0.024190001466060696
0,2023.0,47.0,0.029914529914529916,0.5497932284125476,0.0,0.690105501599234,0.8487173956740066,2023-11-20,SIMULADA,0.8829755046649428,0.7368420493134038,0,0.0,0.025505358838692174,0.02245285578618912,0.02404694071360738,0.020180436847103515,0.026819747837560477
0,2023.0,48.0,0.030287613620946955,0.5129503752603124,0.0,0.7654702816925228,0.8069682253282,2023-11-27,SIMULADA,0.6443631755311727,0.03524976319221128,0,0.0,0.029914529914529916,0.025505358838692174,0.02245285578618912,0.02404694071360738,0.02850571763671016
0,2023.0,49.0,0.030525030525030524,0.47283205363395936,0.0,0.6847010819831724,0.7951691118443094,2023-12-04,SIMULADA,0.4582195859215723,0.5268259344238699,0,0.0,0.030287613620946955,0.029914529914529916,0.025505358838692174,0.02245285578618912,0.030686482920392902
0,2023.0,50.0,0.026353276353276354,0.3947783940791527,0.0,0.7452192380737043,0.7727630140304522,2023-12-11,SIMULADA,0.12622154511710781,0.3591315787064593,0,0.0,0.030525030525030524,0.030287613620946955,0.029914529914529916,0.025505358838692174,0.030915554903973026
0,2023.0,51.0,0.030660697327363994,0.46145134193017123,0.0,0.7810767474670447,0.6122867825475502,2023-12-18,SIMULADA,0.6406308067773172,0.45964386156162956,0,0.0,0.026353276353276354,0.030525030525030524,0.030287613620946955,0.029914529914529916,0.03111713824952353
